246866326,Thiruvanmiyur%20%Moffusil%20%bus%20%stop,12.9873013,80.2594187
249497892,Sathya%20%Studio,13.0148091,80.2593497
256039818,Guindy,13.0080754,80.2093905
262666364,,13.0505637,80.2796983
278744710,Velachery%20%Vijayanagar%20%Bus%20%Terminus,12.975951,80.2210664
278745849,%0bae%%0bc2%%0bb5%%0bb0%%0b9a%%0bae%%0bcd%%0baa%%0b9f%%0bcd%%0b9f%%0bc1%%20%%0b95%%0bc2%%0b9f%%0bcd%%0bb0%%0bcb%%0b9f%%0bc1%,12.9682899,80.18948
278746364,Hindu%20%Colony,12.9754924,80.183263
278747097,Chidambaram%20%Stores,12.9830658,80.1888463
279150540,%0baa%%0bb0%%0b99%%0bcd%%0b95%%0bbf%%0bae%%0bb2%%0bc8%%20%%0bb0%%0baf%%0bbf%%0bb2%%0bcd%%20%%0ba8%%0bbf%%0bb2%%0bc8%%0baf%%0bae%%0bcd%,12.9946395,80.200193
300316947,Guindy%20%Station,13.0081325,80.2133106
301736148,Eldams%20%Road,13.0389089,80.2500396
301736149,Alwarpet,13.0380814,80.2559271
301736152,%0b86%%0bb4%%0bcd%%0bb5%%0bbe%%0bb0%%0bcd%%20%%0baa%%0bc7%%0b9f%%0bcd%%0b9f%%0bc8%,13.036222,80.2552101
301736165,%0b86%%0bb4%%0bcd%%0bb5%%0bbe%%0bb0%%0bcd%%20%%0baa%%0bc7%%0b9f%%0bcd%%0b9f%%0bc8%,13.0387535,80.2588492
301736187,Vanavil,13.0414948,80.2476472
301736898,SIET,13.0379526,80.2468797
301736902,Stella%20%Maris,13.0479032,80.2538704
301736903,Chola%20%Sheraton,13.0458825,80.2566441
301736912,Music%20%Academy,13.0464693,80.2605344
301736913,%0b86%%0bb4%%0bcd%%0bb5%%0bbe%%0bb0%%0bcd%%20%%0baa%%0bc7%%0b9f%%0bcd%%0b9f%%0bc8%,13.0351077,80.2571309
303010139,TTK%20%Road,13.0332207,80.2529435
303010141,,13.0355237,80.2474418
303284240,General%20%Hospital,13.081757,80.2767558
303284248,Ripon%20%Building,13.0812612,80.2718576
303510894,Nandanam%20%YMCA,13.0298352,80.2378848
303512414,%0b9a%%0bc8%%0ba4%%0bbe%%0baa%%0bcd%%0baa%%0bc7%%0b9f%%0bcd%%0b9f%%0bc8%%20%%0baa%%0bbe%%0bb2%%0bae%%0bcd%,13.0195637,80.2246585
303536869,,13.0292235,80.2541619
303536872,,13.0293892,80.2598201
303569588,,13.0290452,80.2492676
303695784,Commissioner%20%Office,13.0737672,80.2618156
303695785,Egmore%20%Court,13.0726877,80.2625412
303695815,,13.0783875,80.2636552
304908971,,13.035344,80.2505226
304920824,Aalandur%20%Metro,13.0036646,80.2007035
304920825,,13.0024998,80.2007856
304921944,Egmore%20%Station,13.0779219,80.2623857
305478863,Sadasiva%20%Nagar,12.9656695,80.2037268
306551393,%0b9a%%0bc8%%0ba4%%0bbe%%0baa%%0bcd%%0baa%%0bc7%%0b9f%%0bcd%%0b9f%%0bc8%%20%%0baa%%0bbe%%0bb2%%0bae%%0bcd%,13.0192595,80.2242262
306551395,Vanavil,13.0405526,80.2470139
306551396,SIET,13.0373003,80.2463991
308301022,DMS,13.0467908,80.2482982
308811912,Vanuvampet,12.9816928,80.1956168
308917111,Pazhavanthangal%20%Station,12.9880075,80.1856076
309062093,Simson,13.0702882,80.2738035
309062094,P.Orr%20%&%20%Sons,13.0706454,80.2736995
309185794,Dams%20%Road,13.0671092,80.2685713
309185812,LIC,13.0627904,80.2636986
309185820,TVS,13.0592286,80.2597052
309185827,TVS,13.0593116,80.259461
309323593,,13.0627272,80.2446808
309323867,%0b9c%%0bc6%%0bae%%0bbf%%0ba9%%0bbf%,13.055035,80.2493071
310100943,IIT/CLRI,13.0068649,80.2407247
310591980,%0bae%%0bc2%%0bb5%%0bb0%%0b9a%%0bae%%0bcd%%0baa%%0bc7%%0b9f%%0bcd%%0b9f%%0bc8%,12.9699902,80.1863409
310592291,Axis%20%bank,12.9661338,80.1885663
310592748,Ponniamman%20%Koil,12.9647635,80.1964403
310593525,Balaiah%20%Garden,12.9654812,80.2003039
310593794,Kaiveli,12.9636419,80.2153047
310729808,Yellow%20%Pages,13.0445134,80.2685481
312031432,Gandhinagar,13.0068437,80.2493803
312686129,Ajanta,13.0473146,80.2663311
313135889,,13.0565054,80.2549392
313159416,Guru%20%Nanak%20%College,12.9909681,80.2199873
313442701,Vetrivel%20%Theatre,12.9796394,80.1829783
313783576,Vannanthurai,12.9963185,80.2624567
315888034,Royapettah%20%High%20%Road%20%Police%20%Station,13.0523172,80.2637555
316066248,Secretariat,13.0803743,80.2883666
316244808,,13.0520086,80.2576831
316244809,Shanti%20%Theatre,13.0672558,80.2705663
316244810,Thousand%20%Lights,13.0565217,80.2564362
317827746,Jayanti,12.9885068,80.2558808
317827781,Jayanti,12.9883987,80.255959
318066696,Marudeeswarar%20%Temple,12.9853009,80.2596367
318069500,Thiruvanmiyur%20%ECR%20%Moffusil%20%Bus%20%stop,12.9858076,80.2597253
319473140,,13.0677732,80.255043
325191477,Madhya%20%Kailash,13.0061894,80.2475374
325191941,IIT/CLRI,13.0065151,80.2416004
330654132,,12.9865619,80.2385165
330780587,,12.9885153,80.229819
330780590,Taramani%20%Guest%20%House,12.9867147,80.2332146
330780591,,12.9865599,80.2353872
334222809,,13.0439822,80.2683767
334222896,New%20%Woodlands%20%Hotel,13.0448129,80.2632997
334267136,Spencers,12.9960126,80.2678
334713155,Banyan%20%Tree,13.0110148,80.2592709
334713159,Malar%20%Hospital,13.0078478,80.2587288
343721497,%0b86%%0bb4%%0bcd%%0bb5%%0bbe%%0bb0%%0bcd%%20%%0baa%%0bc7%%0b9f%%0bcd%%0b9f%%0bc8%,13.0386195,80.2588399
344411089,Sterling%20%Road,13.0635006,80.2434529
353719171,,12.9951542,80.1873759
355515114,Chola%20%Sheraton,13.0462093,80.256558
355550113,Egmore%20%Station,13.0775116,80.2618805
356274121,Ice%20%House%20%stop,13.049045,80.2804835
356277093,LIC,13.0665178,80.2687218
357233537,Kannagi%20%Statue,13.0563899,80.2817387
357233543,Kannagi%20%Statue,13.0567968,80.2820086
360807238,,13.0594652,80.2476713
360807295,Taj%20%Hotel,13.0594687,80.2480638
362227770,MRC%20%Nagar,13.0207736,80.2699092
365279752,DMS,13.0470132,80.2487062
365957307,Nandambakkam,13.0166571,80.1892332
365983874,Saidapet%20%Court,13.013981,80.2265266
366855005,DPI,13.0672505,80.253857
368390910,Muttukaadu,12.8238617,80.2401637
370969649,%0b95%%0bbe%%0b9f%%0bcd%%0b9f%%0bc1%%0baa%%0bcd%%0baa%%0bbe%%0b95%%0bcd%%0b95%%0bae%%0bcd%,13.0408567,80.1280794
370969652,,13.0407272,80.1279797
370969655,%0b85%%0baf%%0bcd%%0baf%%0baa%%0bcd%%0baa%%0ba9%%0bcd%%0ba4%%0bbe%%0b99%%0bcd%%0b95%%0bb2%%0bcd%,13.0381632,80.135238
370969661,,13.0368549,80.1422989
370969664,%0baa%%0bcb%%0bb0%%0bc2%%0bb0%%0bcd%,13.0354754,80.1542326
370969668,,13.0365785,80.1426413
370969671,Porur%20%Flyover,13.0349841,80.1551858
370969686,,13.0322785,80.1637329
370969689,,13.0320596,80.1635994
370969697,Mugalivakkam,13.0294745,80.168324
370969700,Moon%20%lite,13.0249393,80.1768338
370969702,Moon%20%lite,13.0246916,80.1768125
373156194,,12.9057495,80.1678369
373156197,Jayanagar%20%Bus%20%Stop,12.8901528,80.1844457
373156202,,12.9075148,80.1986767
373169717,,13.1587549,80.2984032
373169886,,13.1592829,80.3021668
378688565,Woodlands,13.0513415,80.2516342
378688568,Woodlands,13.0514752,80.2518854
384486247,Purasawalkam,13.0799588,80.2547872
386002530,,13.0303695,80.238274
386002531,,13.0295543,80.2437738
389516314,SIET,13.0368739,80.2466823
389964617,KK%20%Nagar%20%West%20%MTC%20%Terminus,13.0441881,80.1936767
391823865,Kathipara,13.0073565,80.2018029
391823888,Butt%20%Road,13.0073386,80.1969623
393765035,,13.0852627,80.2854922
393765044,Law%20%College,13.0875965,80.2852522
393765046,%0b89%%0baf%%0bb0%%0bcd%%20%%0ba8%%0bc0%%0ba4%%0bbf%%0bae%%0ba9%%0bcd%%0bb1%%0bae%%0bcd%,13.0885188,80.2881787
400900464,,13.0470241,80.2119327
400900776,,13.0489528,80.207122
401769773,NGO%20%Colony,12.9947061,80.206537
401880679,Chinmaya%20%Nagar,13.0627931,80.19718
401880700,,13.0631192,80.1972144
401880712,Koyambedu%20%Market,13.0692689,80.2006237
401880999,CMBT,13.068119,80.2049305
402290952,,13.0694912,80.1243046
402292542,Puzhithivakkam,12.9738315,80.2033552
402292545,,13.0574894,80.2041542
405508932,Stella%20%Maris,13.0480237,80.2540873
407981751,Luz%20%Corner,13.0368855,80.2670356
407983130,,13.037429,80.264641
410293823,,13.0470929,80.2329094
410293824,,13.0477362,80.2330399
410613113,Mandaveli,13.0264512,80.2641778
410613378,,13.0251384,80.2651734
410614381,Mylapore%20%Tank,13.0338433,80.2678513
410614397,Mylapore%20%Tank,13.0339269,80.2680487
410615353,Luz%20%Corner,13.0369967,80.2665843
411316688,Virugambakkam,13.0490005,80.1923804
412728360,Vivekananda%20%College,13.0397952,80.2635513
413858335,,13.0352016,80.2704429
414712723,Royapettah%20%Hospital,13.0546862,80.2641983
414712727,Royapettah%20%Hospital,13.0546528,80.26443
414713529,,13.0643489,80.2821764
414713705,,13.0656532,80.28373
414713706,,13.0645078,80.2820391
414714010,,13.0645245,80.2837471
415913900,,13.0700162,80.2420245
415913904,Chetpet,13.0704837,80.2421189
416412294,Luz%20%Corner,13.0375277,80.2677619
416412351,,13.0378454,80.2675965
417750649,,13.0007984,80.2672903
417750654,Besant%20%Nagar,12.9960874,80.2676685
418116038,Mandaveli%20%Post%20%Office,13.0293213,80.2661449
418116039,Devanathan%20%Street,13.0288278,80.2638491
418116040,Mandaveli,13.027196,80.266243
418116041,,13.0248633,80.2651335
418116043,Narada%20%Gana%20%Sabha,13.0414805,80.2586885
418116044,Narada%20%Gana%20%Sabha,13.0417098,80.259068
418116045,%0b86%%0bb4%%0bcd%%0bb5%%0bbe%%0bb0%%0bcd%%20%%0baa%%0bc7%%0b9f%%0bcd%%0b9f%%0bc8%,13.0374839,80.2561629
442131985,Tambaram%20%Railway%20%Station,12.9254158,80.1169355
442506948,Ram%20%Nagar,12.9652457,80.2069875
459632401,,13.0545015,80.2039738
459633603,,13.0544382,80.2042343
459633606,,13.0546223,80.2013161
560212201,Nehru%20%nagar,12.9426369,80.1403121
571352244,Aalaiamman%20%Koil,13.0394488,80.2455135
577376043,Madya%20%Kailash,13.0065537,80.2463099
595702075,Natesa%20%Nagar,13.0573428,80.194058
595702076,Natesa%20%Nagar,13.0576459,80.1945516
595704144,Sai%20%Nagar,13.0598825,80.1953348
595706156,Vadapalani%20%Koil%20%bus%20%stop,13.0498765,80.2148572
595714972,Elango%20%Nagar,13.0525853,80.1921188
595735860,Avichi%20%bus%20%stop,13.0473925,80.197845
597593840,Kesavardhini%20%bus%20%stop,13.0419272,80.1781903
604693344,,13.0515688,80.2773605
614009832,Kamarajapuram,12.9233012,80.1550118
618609725,Sayani,13.0977818,80.239926
675752169,,13.1089416,80.2423446
691189595,Larsen%20%&%20%Toubro,13.0242582,80.1786556
694064191,Medavakkam%20%Junction,12.9205917,80.184473
729821770,Thirumalai%20%Pillai%20%Road,13.0463818,80.2394822
934859082,Alwarthirunagar,13.0442357,80.1851648
941583422,Ampa%20%Skywalk,13.0743151,80.2205217
959609084,,13.0531886,80.2479182
964604284,%0b9f%%0bcb%%0bb2%%0bcd%%20%%0b95%%0bc7%%0b9f%%0bcd%,12.9022643,80.2161796
964604586,Sunnambu%20%Kolathur%20%Puliyamara%20%Stop,12.9485883,80.198932
966544114,Ripon%20%Building,13.0812054,80.2730145
966556116,Chintadripet,13.0750408,80.2714362
978213017,Mathur%20%Gate,13.16683,80.2459642
978588586,Narayanapuram,12.9404138,80.2056611
996517630,Virugambakkam,13.0463902,80.1902132
1001424410,DPI,13.067506,80.2534748
1001424417,Ethiraj%20%College,13.0644904,80.2589582
1001424418,Ethiraj%20%College,13.0643704,80.2588711
1007625832,Vadapalani%20%Junction,13.0488793,80.211988
1007625852,Guindy,13.007729,80.2098628
1015556637,Rampuram%20%MIOT%20%Hospital,13.0210492,80.1839234
1015562222,MIOT%20%Hospital,13.0208127,80.1838081
1015569839,SRM%20%College%20%Bus%20%Stop,13.0317215,80.1799082
1015570222,Arasamaram%20%Bus%20%Stop,13.0314288,80.1839637
1015570839,Rayala%20%Nagar%20%Bus%20%Stop,13.0289829,80.1836954
1015572322,St.%20%Johns%20%School%20%Bus%20%stop,13.0312474,80.1817554
1015575361,Ayyapan%20%Koil,13.0393621,80.1969563
1015575816,Amman%20%Koil,13.0414839,80.1967337
1015576952,PSBB,13.0388666,80.1992208
1015577154,PSBB%20%School,13.041139,80.199263
1015578911,Pondicherry%20%Guest%20%house,13.0417139,80.1932226
1015580858,Nesapakkam,13.0381601,80.1926862
1015581126,Ajantha,13.0373344,80.1964198
1015583032,MGR%20%Nagar,13.0364268,80.2017334
1015583945,Pilliayar%20%Koil,13.0407523,80.2050136
1015584175,Sivan%20%Park,13.0411599,80.2053891
1024558013,Ashok%20%Pillar%20%(Towards%20%K.K%20%Nagar%20%&%20%Porur),13.0316543,80.2122049
1024560151,Ashok%20%Pillar,13.032555,80.2119909
1024562407,Ashok%20%Pillar,13.0350618,80.2119045
1024570438,ESIC,13.0351977,80.2082567
1024673452,Madanandhapuram,13.0229376,80.1467353
1024674757,Moulivakkam%20%(Bai%20%kadai),13.0198426,80.1433427
1067520553,R.A.%20%Puram,13.0272893,80.254263
1069492323,Chataram%20%Bus%20%Stop,13.0867314,80.2757841
1109183357,,13.1210128,80.1998698
1183430572,Women's%20%polytechnic,12.9966477,80.2490952
1183430650,Women's%20%polytechnic,12.9981822,80.2489226
1183430763,Tidel%20%park,12.9893849,80.2508691
1183430887,Tidel%20%Park,12.9911334,80.2506682
1183431007,VHS%20%Hospital,13.0034788,80.2474452
1185703062,Avadi%20%Market,13.1160521,80.1062634
1200694624,Navalur,12.8445841,80.2264618
1311558790,Woodlands%20%Theatre,13.0571946,80.2647294
1311558791,Woodlands%20%Theatre%20%/%20%Wesley%20%school,13.057111,80.2649869
1311558792,L.I.C,13.0642263,80.2657999
1311558793,Music%20%Academy,13.0475472,80.261006
1311558794,Gowdia%20%Mutt%20%Road,13.0508912,80.2625181
1311558795,Royapettah%20%High%20%Road%20%Police%20%Station,13.0521591,80.2639569
1330414243,Oil%20%Mill,12.9284375,80.202201
1334303173,Narayanasamy%20%Thottam,13.0202075,80.2626599
1453592060,Arsasi%20%Mandi,12.9639187,80.2564812
1453592062,Kandanchavadi,12.9665741,80.2478057
1457114931,Kandanchavadi,12.9669208,80.2482764
1457114934,Kottivakkam,12.969085,80.2577701
1457114942,Kottivakkam,12.9694054,80.2576146
1457114953,SRP%20%Tools,12.979143,80.2525895
1457114954,SRP%20%Tools,12.9794944,80.2528353
1467456714,Thabal%20%Petti,13.1415836,80.2371784
1666841444,Oil%20%Mill,12.9290533,80.20255
1676204804,National%20%Institute%20%of%20%Fashion%20%Technology%20%(N.I.F.T),12.9847375,80.2523565
1676204841,Spastic%20%Society,12.9861494,80.2503872
1676204843,Tech%20%Park,12.9861778,80.244571
1676204850,Spastic%20%Society,12.9863453,80.2502837
1676204856,Tech%20%Park,12.9863612,80.2444706
1676252666,,13.0466924,80.2330053
1685049528,C.I.T.%20%Colony,13.0440218,80.2597715
1685049537,C.I.T.%20%Colony,13.0443128,80.2596312
1693491914,Santhoshpuram,12.9200019,80.170946
1693497698,Santhoshpuram,12.9197291,80.1711286
1703352021,Trisulam%20%Airport,12.9755085,80.1577918
1703352022,Trisulam%20%Airport,12.9802128,80.1632657
1711224934,%0b95%%0bcb%%0bb5%%0bbf%%0bb2%%0bbe%%0bae%%0bcd%%0baa%%0bbe%%0b95%%0bcd%%0b95%%0bae%%0bcd%,12.9392427,80.1825888
1764308008,Velachery%20%Railway%20%Station,12.9712721,80.2189421
1863536092,,13.0505119,80.214339
1883603286,Sunnambu%20%Kolathur,12.9463536,80.1973913
1899719037,S.Kolathur%20%Vinayagapuram%20%Stop,12.9484438,80.1944768
1899719039,,12.9486686,80.1944821
1899719797,Sunnambu%20%Kolathur%20%Puliyamara%20%Stop,12.9485908,80.1990259
1899719800,Sunnambu%20%Kolathur%20%Puliyamara%20%Stop,12.9485052,80.1989831
1899720980,Narayana%20%puram,12.9485432,80.2034407
1899720981,Narayana%20%puram,12.9487941,80.2033549
1920364154,Roja%20%Medicals,12.9806753,80.1880722
1949567462,Kaiveli,12.9639064,80.2159702
1949567464,Kaiveli,12.9633783,80.2160859
1952553763,Postal%20%Colony,13.0363098,80.2206213
1952555473,Postal%20%Colony,13.0370153,80.2208949
1955951295,Ram%20%Colony,13.0343805,80.2161535
1955951298,Pudhur%20%High%20%School%20%Bus%20%Stop,13.0418514,80.2161173
1955951301,Pudhur%20%High%20%School%20%Bus%20%Stop,13.0416992,80.2160469
1955951303,Ram%20%Colony,13.0343297,80.2162105
2039504294,Eachankadu%20%junction,12.9491156,80.1839603
2039504299,Eachangadu%20%Junction,12.9494528,80.1838235
2072482089,Lakshmi%20%Nagar,13.0383858,80.1651227
2077234674,Pallikaranai,12.9338132,80.2040466
2142333096,,13.0148049,80.1744872
2145422466,Pazhavanthangal,12.9878498,80.1852853
2145429148,,12.9828496,80.1884958
2151931377,Nanganallur%20%Market,12.9858342,80.1884954
2157590801,Five%20%Furlong%20%Road,12.997438,80.2162638
2158620128,Velachery%20%Check%20%Post,12.9974054,80.2165418
2158620129,Velachery%20%Check%20%Post,12.9974127,80.2164502
2239237792,West%20%Saidapet,13.0244589,80.2198196
2241055785,Guindy,13.0092567,80.211347
2241072260,,13.0208206,80.2252558
2241832803,Chintadripet,13.0749522,80.271371
2245351858,,12.9902418,80.2275498
2271085296,,13.0488035,80.2071743
2376817233,KumaranKundram,12.9418993,80.1429158
2394698615,K4%20%Police%20%Station,13.0923311,80.2189211
2481989471,L.I.C,13.0642741,80.2658589
2481989472,L.I.C,13.0643262,80.2659171
2481989473,L.I.C,13.0643752,80.2659784
2482014614,TVS,13.0592806,80.2597741
2482014616,TVS,13.0593336,80.2598375
2482014617,TVS,13.0593726,80.2595362
2482014618,TVS,13.0607702,80.26254
2482014620,TVS,13.0594322,80.2596151
2482014623,TVS,13.0594885,80.2596874
2482072866,General%20%Hospital,13.0817908,80.2770347
2482072867,General%20%Hospital,13.0818202,80.2772826
2482072870,General%20%Hospital,13.0818538,80.2775047
2482072873,General%20%Hospital%20%(Central),13.0818727,80.2777397
2482072875,LIC,13.0628652,80.2637854
2482072877,LIC,13.0629492,80.2638825
2482072878,L.I.C,13.064682,80.2663928
2482072879,LIC,13.064772,80.2661116
2482072880,Secretariat,13.0810225,80.2883335
2482072921,Pallavan%20%Salai,13.0763656,80.276459
2482072922,Pallavan%20%Salai,13.0768078,80.276179
2482072933,%0b89%%0baf%%0bb0%%0bcd%%20%%0ba8%%0bc0%%0ba4%%0bbf%%0bae%%0ba9%%0bcd%%0bb1%%0bae%%0bcd%,13.0849072,80.2833818
2482075364,Commissioner%20%Office,13.074166,80.2620635
2482075367,,13.0689097,80.267339
2482075369,Egmore%20%Court,13.0716607,80.2646506
2482301305,,13.0503752,80.2403628
2482301372,,13.0570031,80.2349394
2485153591,Valluvar%20%Statue,13.0417872,80.2683179
2485153597,,13.041983,80.2681148
2485980398,,13.0652457,80.2737964
2486085722,%0b95%%0bb8%%0bcd%%0ba4%%0bc2%%0bb0%%0bbf%%0baa%%0bbe%%0baf%%0bcd%%20%%0bae%%0bb0%%0bc1%%0ba4%%0bcd%%0ba4%%0bc1%%0bb5%%0bae%%0ba9%%0bc8%,13.0581355,80.2781176
2486085724,,13.0602054,80.2776637
2486106727,,13.0300269,80.2505676
2486226649,Chennai%20%Central%20%Railway%20%Station,13.0825901,80.2763077
2486226651,Loane%20%Square,13.0914641,80.285738
2486226652,,13.091953,80.2751809
2486226653,Beach%20%Station,13.0943483,80.2923716
2486226655,Mannadi,13.0961399,80.286395
2486226656,Clive%20%Battery,13.0990436,80.2937634
2486226657,,13.0996879,80.2866699
2486226658,,13.1010909,80.2749364
2486226659,,13.1034911,80.2867769
2489157878,,13.072135,80.2739713
2495414567,%0baa%%0bc7%%0b9a%%0bbf%%0ba9%%0bcd%%20%%0baa%%0bbf%%0bb0%%0bbf%%0b9f%%0bcd%%0b9c%%0bcd%,13.102301,80.2706743
2515095267,,12.9648737,80.196993
2583555195,Rajakadai,13.1511559,80.2997199
2587520213,Adyar%20%Depot,12.9988972,80.2559382
2587520244,Sathya%20%Studio,13.0162622,80.259525
2587520245,Sathya%20%Studio,13.0163426,80.259582
2587520246,Sathya%20%Studio,13.0164211,80.259639
2587520247,Sathya%20%Studio,13.0165092,80.259698
2587530808,Adyar%20%Depot,12.9984686,80.2561546
2587530809,BSNL%20%Office,13.0002744,80.2564084
2739927426,CSI%20%Church%20%Bus%20%Stop,13.1084248,80.180271
2739929645,Korattur%20%41D%20%Bus%20%Stand,13.108223,80.1834048
2739938120,Korattur%20%Aerikarai%20%Bus%20%Stop,13.1103434,80.180364
3016127769,Camp%20%Road,12.9223538,80.1416469
3016129434,Camp%20%Road,12.9226099,80.1436734
3016138304,%0b9a%%0bc7%%0bb2%%0bc8%%0baf%%0bc2%%0bb0%%0bcd%,12.9223457,80.1383932
3016138305,%0b9a%%0bc7%%0bb2%%0bc8%%0baf%%0bc2%%0bb0%%0bcd%,12.9224877,80.1386033
3016141192,Convent%20%Bus%20%Stop,12.9227845,80.1330579
3016141193,Selayur,12.9228855,80.1311754
3016141194,Christ%20%King%20%Covent,12.9226722,80.1312269
3016144952,East%20%Tambaram,12.9232126,80.1205736
3016144953,East%20%Tambaram,12.9234246,80.1206459
3215416374,Adayar%20%Signal,13.0076573,80.2585701
3215417205,Andhra%20%Mahila%20%Sabha,13.0160134,80.2594407
3215420255,Rani%20%Meyammai%20%School,13.0202685,80.2627298
3215426872,Mandaveli,13.0264662,80.2643155
3215469782,Luz%20%Corner,13.0370202,80.2664553
3215471511,Kapaleeshwar%20%Temple,13.0342194,80.2679152
3215471512,St%20%Mary%2019%s%20%Road,13.029318,80.2659968
3215471942,AVM%20%Rajeshwari,13.0445256,80.2653165
3215474364,Valluvar%20%Statue,13.0416655,80.2682136
3215478754,Woodlands,13.04479,80.2628089
3215488159,Stella%20%Maris%20%College,13.0476081,80.2542024
3215494190,Chola%20%Hotel,13.0461435,80.2567561
3215497011,Semozhi%20%Poonga,13.0504157,80.2525025
3215497034,Gemini,13.0553071,80.2493825
3215500283,Chetpet,13.0695972,80.2421558
3215503639,Sterling%20%Road,13.062284,80.2449997
3215508149,Brick%20%Kiln,13.0897099,80.2509902
3215509332,KMC,13.0787644,80.244405
3215513362,Millers%20%Road,13.0845368,80.2502683
3215513434,Mekala%20%Theatre,13.0872409,80.2507551
3215523368,Saravana%20%Theatre,13.0941477,80.2509589
3215523791,Otteri,13.0972089,80.2513821
3215524962,Mettupalayam,13.1049521,80.2531007
3215525045,Jamalia,13.1064019,80.2493548
3215525963,Mangalapuram,13.1071652,80.2458654
3215525982,Perambur%20%Railway%20%Station,13.1080594,80.2445619
3216954757,Perambur%20%Railway%20%Station%20%Bus%20%Stand,13.108164,80.2444885
3216957362,Mangalapuram,13.1073116,80.2467397
3216958497,Jamalia,13.1062169,80.250519
3216970886,Mettupalayam,13.105056,80.2531768
3216970916,Binny%20%Mills,13.1023363,80.2526445
3216985354,Otteri,13.0972157,80.2514514
3216985475,Chetpet,13.0694621,80.2433699
3216986182,Saravana%20%Theatre,13.0936235,80.2509794
3216986939,R.K.%20%Road,13.0906349,80.2511188
3216986940,Mekala%20%Theatre,13.0872089,80.2506503
3216986967,Millers%20%Road,13.0834502,80.254603
3216990390,KMC,13.0787415,80.2521255
3216990971,College%20%Road,13.0677838,80.2465225
3216991399,Haddows%20%Road,13.0666677,80.2478922
3216991543,Income%20%Tax%20%Offrice,13.0573221,80.2487138
3216992157,Valluvar%20%Statue,13.0413309,80.2683208
3216992158,VM%20%Street,13.044299,80.2691671
3216993078,Sterling,13.0606301,80.247496
3216994236,Semozhi%20%Poonga,13.0501996,80.2526129
3216995418,Gemini,13.0549585,80.2496516
3216995837,Stella%20%Maris%20%College,13.048023,80.2538615
3216995856,Chola%20%Hotel,13.0459666,80.256717
3216997832,Kapaleeshwar%20%Temple,13.0344064,80.2681224
3216998093,Woodlands,13.0447018,80.2648393
3216998713,Luz%20%Corner,13.0376266,80.2677461
3216999998,Mandaveli%20%Market,13.0299144,80.2667491
3217000237,Rani%20%Meiyammai%20%School,13.0222664,80.2634866
3217004886,Andhra%20%Mahila%20%Sabha,13.0162141,80.2597582
3217004899,Adyar%20%Signal,13.0070713,80.2586412
3217004939,Adyar%20%Depot,12.998741,80.2561722
3217006341,Jayanthi%20%Theatre,12.9889638,80.2560835
3247299914,Thiruvanmiyur,12.9868818,80.2579993
3247310920,Thiruvanmiyur%20%RTO,12.9766865,80.259059
3247310921,Marundeeswarar%20%Temple,12.9850797,80.2594959
3247388390,Kottivakkam,12.9694759,80.257895
3247394198,Kotivakkam,12.96954,80.2575889
3247406935,Chinna%20%Neelankarai,12.9540502,80.2552125
3247410861,Vettuvankeni,12.9504769,80.2550489
3247419936,Injambakkam,12.9273395,80.2514212
3247421162,Saibaba,12.9384549,80.2528146
3247421163,Vettuvankeni,12.9496587,80.254723
3247422104,Injambakkam,12.9273447,80.2514507
3258044158,Water%20%Tank,12.9140134,80.2503942
3258044670,VGP,12.9205379,80.2513359
3258047142,,12.8975923,80.2474836
3258047153,Nainar%20%Depot,12.8774931,80.2438102
3258049393,Uthandi,12.8689025,80.2435911
3258057378,Ragas,12.8597978,80.241912
3258057379,Kanathur,12.8505026,80.2411932
3258057380,Meera%20%Nagar,12.8416956,80.2406239
3258058365,Muthukaadu,12.8312622,80.2404381
3258059445,MGM,12.8256677,80.2403201
3258069508,Yellow%20%Board,12.8178381,80.2405354
3259348351,Boat%20%House,12.8059508,80.2429515
3261253463,Boat%20%House,12.8062686,80.2430098
3261257465,Meera%20%Nagar,12.8416654,80.2405603
3261257466,,12.8276183,80.2403223
3261260258,Ragas,12.8598425,80.2418337
3261261651,Nainar%20%Depot,12.8778797,80.2438159
3261262160,Uthandi,12.8679009,80.2433625
3261262339,VGP,12.9205826,80.251487
3261264219,Water%20%Tank,12.9148864,80.2503116
3262960162,Saibaba,12.9384795,80.2526055
3262970161,Chinna%20%Neelankarai,12.9544995,80.2550838
3262996627,Gandhinagar,13.0066383,80.2547553
3262998692,Pallavakkam,12.9612601,80.2562079
3262998735,Madhya%20%Kailash,13.0065479,80.2465371
3263003853,Gandhi%20%Mandapam,13.0074031,80.2367069
3263010049,%0b9a%%0bc8%%0ba4%%0bbe%%0baa%%0bcd%%0baa%%0bc7%%0b9f%%0bcd%%0b9f%%0bc8%%20%%0b95%%0bbe%%0bb5%%0bb2%%0bcd%%20%%0ba8%%0bbf%%0bb2%%0bc8%%0baf%%0bae%%0bcd%,13.0221248,80.2262769
3263015762,Halcyon%20%Technologies,13.0294483,80.2309064
3263015885,%0b9a%%0bc8%%0ba4%%0bbe%%0baa%%0bcd%%0baa%%0bc7%%0b9f%%0bcd%%0b9f%%0bc8%,13.0232491,80.2274463
3263015892,Little%20%Mount,13.0143216,80.2262688
3263017226,Anna%20%University,13.0083174,80.2334438
3264712469,Guindy,13.0072847,80.2097658
3264719874,Kathipara,13.0073801,80.2014349
3264719879,Butt%20%Road,13.0072285,80.1970414
3264721594,L&T%20%Bus%20%Stop,13.0237184,80.1785664
3264823358,Mugalivakkam,13.0290781,80.1689077
3264825519,Sakthi%20%Nagar,13.0323105,80.1632027
3264825906,%0baa%%0bc7%%0bbe%%0bb0%%0bc2%%0bb0%%0bcd%,13.0345369,80.1566688
3264826261,Ramachandra%20%Hospital,13.0365019,80.1430003
3264827350,%0b95%%0bbe%%0b9f%%0bcd%%0b9f%%0bc1%%0baa%%0bcd%%0baa%%0bbe%%0b95%%0bcd%%0b95%%0bae%%0bcd%,13.0410957,80.127076
3264828694,%0b85%%0baf%%0bcd%%0baf%%0baa%%0bcd%%0baa%%0ba9%%0bcd%%0ba4%%0bbe%%0b99%%0bcd%%0b95%%0bb2%%0bcd%,13.0379914,80.135136
3264829569,Kumanan%20%Savadi,13.0448932,80.1161771
3264830297,Karayan%20%Savadi,13.0464643,80.1113082
3264830986,Kallarai,13.0491896,80.1054234
3264861262,Kallarai,13.0492822,80.1057014
3264861573,Karayan%20%Savadi,13.0466895,80.1111041
3264865893,Kumanan%20%Savadi,13.0450211,80.1159757
3264869197,%0b9a%%0b95%%0bcd%%0ba4%%0bbf%%20%%0ba8%%0b95%%0bb0%%0bcd%,13.0357914,80.154217
3264869925,Ramachandra%20%Hospital,13.036954,80.1418335
3264871280,Sakthi%20%Nagar,13.0318741,80.1643507
3264873477,Mugalivakkam,13.0295066,80.168626
3264878136,Moon%20%lite,13.0250276,80.1767049
3264878737,Ramapuram,13.0209667,80.1839683
3264882061,L&T,13.0238073,80.1789017
3264882332,Nandambakkam,13.016826,80.1893475
3264883462,Butt%20%Road,13.0086502,80.1975671
3264883515,%0b9a%%0bbf%%0ba9%%0bcd%%0ba9%%20%%0bae%%0bb2%%0bc8%%20%Little%20%Mount%20%Metro,13.0155768,80.225033
3298619178,Baby%20%Nagar,12.980629,80.2287544
3377597538,Avvaai%20%Illam,13.0073755,80.2615847
3605047768,Independence%20%Day%20%Park,12.9816323,80.1856214
3724408109,Thambiah%20%Road,13.0412747,80.2247636
3724408110,,13.042286,80.2246214
3725571283,Holy%20%Angels%20%Convent,13.0403357,80.2416011
3729730986,Krishna%20%Nagar,12.9727402,80.1385326
3729730987,Krishna%20%Nagar,12.9730257,80.138054
3732413818,,13.0404185,80.2392262
3732415367,,13.0407738,80.2376491
3742401976,Muthamizh%20%Nagar,12.9717802,80.1415393
3742401984,Muthamizh%20%Nagar,12.9716047,80.1418002
3872358350,Subbaraya%20%nagar,12.9575161,80.1253251
3969967347,Pallavaram,12.9681668,80.1485336
3990598049,Virugambakkam,13.0465771,80.191524
4129578889,SIPCOT,12.8320778,80.2292023
4153840390,Oxford%20%School,13.0290249,80.2242622
4153840489,Srinivasa%20%Theatre,13.031205,80.2242183
4153840589,Srinivasa%20%Theatre,13.0311449,80.2240709
4153840689,Oxford%20%School,13.0290173,80.2240205
4221545249,,13.001675,80.1960093
4221545250,,13.001732,80.1960854
4221545251,,13.0017833,80.1961615
4221572806,Maduvankarai,13.0036032,80.2119807
4221779489,Olympia%20%Tech%20%Park,13.0140912,80.2045927
4308329989,West%20%Saidapet,13.0241758,80.213001
4311241791,kumananchavadi,13.0451067,80.1156733
4358666333,Bharathi%20%Nagar,12.981636,80.2334748
4384940991,,12.9985806,80.2391518
4384940992,,12.999126,80.2394049
4384979890,,12.9960586,80.2359191
4384980791,,12.9920732,80.2337735
4384985391,,12.9921946,80.2336686
4384995091,,12.9961354,80.2362203
4384995092,,13.0026838,80.2402119
4384996591,,12.9939545,80.2343355
4385019891,,13.0025534,80.2400679
4385019892,,13.0038121,80.2413768
4385029489,,12.9941561,80.2347372
4385062589,,12.9911913,80.2330109
4385062689,,12.9910868,80.2321166
4402620433,%0b9a%%0bcb%%0bb4%%0bbf%%0b99%%0bcd%%0b95%%0ba8%%0bb2%%0bcd%%0bb2%%0bc2%%0bb0%%0bcd%,12.9032844,80.2279555
4402620444,Accenture,12.9075689,80.228228
4407799377,Nagesh%20%Theatre%20%stop,13.0400117,80.242543
4407799419,Globus,13.0399858,80.2429146
4411798690,%0bae%%0bbf%%0baf%%0bbe%%0b9f%%0bcd%%20%%0bae%%0bb0%%0bc1%%0ba4%%0bcd%%0ba4%%0bc1%%0bb5%%0bae%%0ba9%%0bc8%,13.0204579,80.1845
4411849791,,13.014377,80.1935118
4411855089,,13.0210717,80.1833445
4417314190,Doraiswamy%20%Road,13.0407196,80.2306959
4421925892,,13.067122,80.2479405
4421948892,Loyola%20%College,13.0645529,80.2349783
4421948893,,13.0679286,80.2486265
4421967489,Loyola%20%College,13.064739,80.2346949
4666745989,%0b95%%0bb5%%0bc1%%0bb2%%0bcd%%20%%0baa%%0b9c%%0bbe%%0bb0%%0bcd%,12.990514,80.1499095
4732042730,,13.0726445,80.2019974
4739613829,Marriage%20%Hall%20%Bus%20%Stop,13.0735659,80.2003418
4758901321,,13.1941264,80.1833469
4763208284,%0b95%%0bb8%%0bcd%%0ba4%%0bc2%%0bb0%%0bbf%%0baa%%0bbe%%0baf%%0bcd%%20%%0bae%%0bb0%%0bc1%%0ba4%%0bcd%%0ba4%%0bc1%%0bb5%%0bae%%0ba9%%0bc8%,13.0580016,80.2782021
4763208285,Bazullah%20%road,13.0470676,80.23531
4763212040,,13.048667,80.2600237
4763212995,,13.0326478,80.2775015
4763213172,,13.033435,80.2772514
4785434123,,13.031501,80.1913595
4788407922,,13.1088932,80.2867926
4789389223,,13.104527,80.2867247
4864012223,,13.1078822,80.2913847
4910251723,Gandhi%20%park%20%bus%20%stop,12.9266796,80.1276135
4948353021,,13.0289852,80.2543724
5090924222,Kamarajapuram,12.923495,80.1545664
5093966251,Sholinganallur,12.8988445,80.2279854
5207918374,MGR%20%Market,13.0363277,80.2016549
5225963092,SRP%20%Tools%20%Bus%20%Stand,12.9861355,80.2512974
5227401703,Thirumangalam%20%Metro,13.0853785,80.2013107
5227454884,Ekkattuthangal,13.0191075,80.2064422
5228340704,Kalaimagal%20%Nagar,13.0243667,80.2066739
5228342635,Kalaimagal%20%Nagar,13.0243263,80.2069943
5239594891,Thirumangalam%20%EB%20%Office%20%Bus%20%Stop,13.0870648,80.1981881
5258976322,,12.8856231,80.1513995
5258977225,%0b95%%0bb8%%0bcd%%0baa%%0bbe%%0baa%%0bc1%%0bb0%%0bae%%0bcd%,12.8897333,80.1430852
5259036521,%0baa%%0ba4%%0bc1%%0bb5%%0b9e%%0bcd%%0b9a%%0bc7%%0bb0%%0bbf%,12.8885674,80.1452887
5259058521,%0b9a%%0b9f%%0bc8%%0baf%%0baa%%0bcd%%0baa%%0bb0%%0bcd%%20%%0b95%%0bcb%%0bb5%%0bbf%%0bb2%%0bcd%,12.8870239,80.1486323
5259088435,%0b85%%0b95%%0bb0%%0bae%%0bcd%%0ba4%%0bc6%%0ba9%%0bcd%,12.8836322,80.1543394
5259114725,,12.8941183,80.1411752
5259129622,,12.9022476,80.1420235
5259141322,,12.9177987,80.1457925
5304209965,SIPCOT/%20%Egatoor,12.8330267,80.228884
5304399879,Tambaram%20%Kulam%20%Bus%20%stop,12.9256047,80.1043133
5318529343,Vadapalani,13.0468396,80.2121426
5318530216,Vadapalani%20%(Nerkundram%20%Pathai),13.053955,80.2114618
5318537692,MMDA,13.0630102,80.2115596
5320093328,CPWD%20%Quarters%20%Bus%20%Stop,13.082197,80.1983699
5332423915,Buhari%20%Hotel%20%Bus%20%Stop,12.9420294,80.2533063
5332440110,Thiruvanmiyur%20%RTO,12.976764,80.2592029
5336301540,Aringar%20%Anna%20%Arch,13.076939,80.2152668
5336303647,Anna%20%Arch,13.075358,80.2176034
5336309421,Kandhasamy%20%College,13.0851915,80.2178689
5336309429,S.%20%S.%20%Super%20%Market%20%Bus%20%Stop,13.0906948,80.2180699
5336311486,Anna%20%Peripheral%20%Hospital%20%Stop,13.0957115,80.2187163
5336393773,Kalpana%20%Hotel%20%Stop,13.1027785,80.2086858
5338328029,SIDCO%20%Nagar,13.1032312,80.1989924
5338328041,Nathamuni%20%Theatre%20%Stop,13.1036674,80.2026581
5338516190,South%20%Redhills%20%Road%20%Market,13.1080663,80.2061553
5338598421,Kallukadai%20%Stop,13.1022099,80.2107409
5338600702,ICF,13.1001091,80.2145485
5338602064,Anna%20%Peripheral%20%Hospital%20%Stop,13.0956228,80.2189413
5338606117,14%20%Shops%20%Stop,13.0900917,80.2182669
5338606922,Kandasamy%20%College,13.0858113,80.218134
5338612406,Anna%20%Nagar%20%Roundtana,13.0848033,80.2159601
5338614518,Ayyappan%20%Kovil,13.0848976,80.2132579
5338616524,Ayyappan%20%Kovil,13.0847224,80.2118818
5338617221,Blue%20%Star,13.0849958,80.2109928
5338656232,Anna%20%Nagar%20%Tower%20%Station,13.0848336,80.2095342
5338658745,Anna%20%Nagar%20%Tower%20%Station,13.0850967,80.2095483
5355818030,Ekkattuthangal,13.0186408,80.2059235
5356742026,%0b86%%0baf%%0bbf%%0bb0%%0bae%%0bcd%%20%%0bb5%%0bbf%%0bb3%%0b95%%0bcd%%0b95%%0bc1%,13.054195,80.253785
5373987234,Thirumangalam%20%EB%20%Office,13.0873581,80.1974447
5394814347,Collector%20%Nagar,13.0878057,80.1903448
5394822729,Collector%20%Nagar,13.0875626,80.1893914
5400380243,Jai%20%Nagar%20%Park,13.0692359,80.2065633
5400380933,Vijayakanth%20%Kalyana%20%Mandapam,13.073976,80.2002264
5400381038,CPWD%20%Quarters%20%Bus%20%Stop,13.0820746,80.1987027
5400381616,Pondicherry%20%Buses%20%Only,13.0318973,80.2113404
5400381618,Sivan%20%Kovil,13.0476117,80.2123446
5400382521,Thirunagar,13.0580044,80.2116987
5400382522,MMDA,13.0651401,80.2112943
5486341834,Jayanti,12.9874595,80.2553985
5486499215,Race%20%Course%20%(Guindy),13.00809,80.21336
5624538882,DRJ%20%Hospital%20%Bus%20%stop,13.119438,80.1986536
5628388498,Taramani%20%Guest%20%House,12.9866789,80.2333649
5631301095,Marudeeswarar%20%Temple,12.9852935,80.259745
5631301097,Sathya%20%Studio,13.014823,80.2591757
5631301098,,13.0565227,80.2549486
5631301100,Malar%20%Hospital,13.0069536,80.2583912
5631301101,Malar%20%Hospital,13.0079179,80.2587553
5631301102,,13.0700086,80.2420016
5631301103,Binny%20%Mills,13.1029895,80.2527264
5631301107,Thiruvanmiyur%20%Moffusil%20%bus%20%stop,12.9872302,80.2593997
5631301108,Ashoknagar%20%Moffussil,13.0319226,80.2111736
5631301109,,13.0505248,80.2796732
5631301110,,13.0148178,80.1744381
5631301111,,13.0145924,80.1744052
5631301112,%0b86%%0bb4%%0bcd%%0bb5%%0bbe%%0bb0%%0bcd%%20%%0baa%%0bc7%%0b9f%%0bcd%%0b9f%%0bc8%,13.0386017,80.2587935
5631301113,%0b86%%0bb4%%0bcd%%0bb5%%0bbe%%0bb0%%0bcd%%20%%0baa%%0bc7%%0b9f%%0bcd%%0b9f%%0bc8%,13.0388081,80.2588606
5631301114,Bharathi%20%Nagar,12.9816579,80.233499
5631301115,Yellow%20%Pages,13.0444719,80.2685434
5631301116,Jayanti,12.9883854,80.2559973
5631301117,Jayanti,12.9885252,80.2558203
5631301118,Guru%20%Nanak%20%College,12.9906984,80.2202958
5631301119,VHS%20%Hospital,13.0034222,80.2477388
5631301120,Muttukaadu,12.8238595,80.2402306
5631301421,Adyar,13.006442,80.2543612
5631301422,IIT%20%Gate%20%Bus%20%Stop,13.0058253,80.2424924
5631301423,Thiruvanmiyur%20%ECR%20%Moffusil%20%Bus%20%stop,12.9858005,80.2598
5631301424,Five%20%Furlong%20%Road,12.9974701,80.2162966
5631301425,Velachery%20%Check%20%Post,12.9973995,80.2166627
5631301426,Velachery%20%Check%20%Post,12.9974859,80.2164321
5631301427,Guindy,13.008031,80.209398
5631301429,%0b95%%0bbf%%0ba3%%0bcd%%0b9f%%0bbf%,13.0089182,80.2111924
5632367706,,12.9907728,80.2300317
5632367707,Campus%20%cafe,12.9909124,80.2301226
6031412486,%0b85%%0bb0%%0b9a%%0bc1%%20%%0baa%%0bcb%%0b95%%0bcd%%0b95%%0bc1%%0bb5%%0bb0%%0ba4%%0bcd%%0ba4%%0bc1%%20%%0b95%%0bb4%%0b95%%0bae%%0bcd%%20%%0bb5%%0bbf%%0bb4%%0bc1%%0baa%%0bcd%%0baa%%0bc1%%0bb0%%0bae%%0bcd%%2c%%0b95%%0bbe%%0b9e%%0bcd%%0b9a%%0bbf%%0baa%%0bc1%%0bb0%%0bae%%0bcd%%20%%0bae%%0ba3%%0bcd%%0b9f%%0bb2%%0bae%%0bcd%%2c%%0ba4%%0bbe%%0bae%%0bcd%%0baa%%0bb0%%0bae%%0bcd%%20%%0baa%%0bc7%%0bb0%%0bc2%%0ba8%%0bcd%%0ba4%%0bc1%%20%%0ba8%%0bbf%%0bb2%%0bc8%%0baf%%0bae%%0bcd%,12.9257591,80.1165783
6057945756,Bus%20%Stop,13.0290019,80.253739
6117608083,VOC%20%Nagar%20%Bus%20%Stop,13.0912499,80.2276191
6185888872,Abirami%20%theatre%20%bus%20%stop,13.0858185,80.2465885
6253855210,YBM%20%Koyambedu,13.0752687,80.1968385
6367914551,,13.0154329,80.1912316
6394588658,Vannanthurai,12.9961241,80.2627793
6518463385,%0ba4%%0bbf%%0bb0%%0bc1%%0bae%%0b99%%0bcd%%0b95%%0bb2%%0bae%%0bcd%,13.0906674,80.1984558
6518468529,Bus%20%Stop,13.0917305,80.1984396
7056229385,,13.0631374,80.2622149
7169395980,Military%20%Quarters,13.0107563,80.1957259
7169419214,ST%20%Thomas%20%Hospital,13.0107616,80.1959419
7170102888,Muttukaadu,12.8238587,80.2402648
7170102954,Panaiyur,12.8869167,80.2457574
7185777641,T%20%I%20%Miller%20%Bus%20%Stop,13.1037511,80.1563349
7185834751,T%20%I%20%Miller%20%Bus%20%Stop,13.1034994,80.1566326
7252487207,Mofussil%20%Bus%20%Stop,13.0329587,80.212033
7255708042,Nungambakkam%20%Police%20%Station,13.0577143,80.2427631
7255754030,Bus%20%stop,13.0533162,80.2479376
7412854052,IGP,12.9729954,80.2502408
7412932328,%0b86%%0bb4%%0bcd%%0bb5%%0bbe%%0bb0%%0bcd%%20%%0baa%%0bc7%%0b9f%%0bcd%%0b9f%%0bc8%,13.0356479,80.2548953
7412932329,Kotturpuram,13.0231055,80.2427833
7412932330,Kottur,13.0185768,80.2413141
7412932331,Birla%20%planetarium%20%/%20%CLRI,13.0100519,80.2405691
7412932332,Ascendas%20%IT%20%park,12.9862169,80.2468241
7416129840,Music%20%Academy,13.0470978,80.260961
7577454519,Indira%20%Nagar,12.9121191,80.1432713
7577454520,Indira%20%Nagar,12.912176,80.1431219
7765336946,School%20%for%20%Physically%20%Challenged,12.8128867,80.2425393
7765336956,,12.8127494,80.2423362
7794498887,Lucas%20%TVS%20%Bus%20%stop,13.1008368,80.1896304
7794498890,Lucas%20%TVS%20%Bus%20%stop,13.1013007,80.1896425
7796211336,Ambattur%20%OT,13.1216328,80.1480991
7796477442,Canara%20%Bank%20%Bus%20%Stop,13.1103659,80.1522998
7796477443,Canara%20%Bank%20%Bus%20%Stop,13.1116502,80.1510999
7796477452,Telephone%20%Exchange%20%Bus%20%Stop,13.1015063,80.1625708
7796477453,Telephone%20%Exchange%20%Bus%20%Stop,13.1012433,80.1627648
7796477467,Ambattur%20%Industrial%20%Estate%20%Bus%20%Stop,13.0998328,80.1703579
7796477468,Ambattur%20%Industrial%20%Estate%20%Bus%20%Stop,13.0994583,80.1702657
7796505766,Wavin,13.0886781,80.1715578
7796505767,Wavin,13.0884416,80.172007
7796591115,Anna%20%Nagar%20%West,13.0941517,80.1987163
7843242892,Ambattur%20%OT,13.1228068,80.1483885
7843267872,Skywalk,13.0720107,80.2220136
7843267873,Skywalk,13.073815,80.2208333
7843267874,Anna%20%Arch,13.0760536,80.2181587
7869100700,Dunlop,13.1060625,80.1524361
7869100702,Golden%20%Flats,13.0883017,80.1784121
7869100703,Mehtha%20%Nagar,13.0678542,80.2269976
7869100704,Choolaimedu,13.0666515,80.230974
7869148874,Choolaimedu,13.0666287,80.2305198
7869208199,Dunlop,13.1049651,80.1526301
7869208200,Mehtha%20%Nagar,13.0678373,80.2268263
7871877992,Valluvar%20%Kottam,13.05383,80.2423007
7966811036,Sembakkam,12.9235567,80.1593225
7966811037,Sembakkam,12.923213,80.1599548
8064696884,%0bae%%0bc2%%0bb5%%0bb0%%0b9a%%0bae%%0bcd%%0baa%%0b9f%%0bcd%%0b9f%%0bc1%,12.9693839,80.1861325
8976358611,Brittania%20%bus%20%stop,13.0984444,80.181918
9084570182,Amutham,13.0397523,80.1931123
9331471612,Anakaputhur%20%Arunmathi%20%Arch,12.9775298,80.1306267
9331499322,Pammal%20%Retta%20%Pillayar,12.9748777,80.1332916
9331504032,Anakaputhur%20%High%20%School,12.9807025,80.1292081
9331571508,Pammal,12.9751633,80.13264
9331589294,Pammal%20%CSI%20%church,12.9744741,80.1352459
9331603402,Anakaputhur%20%Ambedhkar%20%Silai,12.9795623,80.1289666
9368655291,Kumaran%20%Theater,12.9726563,80.1914521
9370267242,Dhandeeswaram,12.9829795,80.2219649
9370267243,Gandhi%20%Road,12.9864532,80.2229117
9370267244,Five%20%Furlong%20%Road,12.9976865,80.2159576
9370267245,Olympia%20%Tech%20%Park,13.0148569,80.2045846
9370309976,Mogaipair%20%Junction,13.0890597,80.1694157
9370524480,Velachery%20%Vijaynagar,12.9762731,80.221563
9370524481,National%20%Institute%20%of%20%Fashion%20%Technology%20%(N.I.F.T),12.983168,80.2524814
9399815493,Taramani%20%100%20%Feet%20%Road,12.9814108,80.2427068
9399815494,Taramani%20%100%20%Feet%20%Road,12.9812324,80.2427187
9400398342,Mahalakshmi%20%Nagar,12.9227028,80.1473638
9400398345,Gowrivakkam,12.9209495,80.1679764
9400398348,Vijayanagaram,12.9184967,80.1767624
9400398352,Medavakkam,12.9173172,80.1936779
9400398353,Jeyachandran,12.9211296,80.1968403
9400398372,High%20%School,12.9260465,80.1974301
9400398374,Pallikkaranai,12.9336313,80.2037553
9400398378,Balaji%20%Dental%20%College,12.9442869,80.2082021
9400398379,Kamatchi%20%Memorial%20%Hospital,12.948759,80.2098257
9400398381,Balaji%20%Nagar,12.9534266,80.211823
9400398391,Tambaram%20%Railway%20%Station,12.9293289,80.1206916
9400398392,Tambaram%20%Railway%20%Station,12.9293586,80.1206329
9401706170,Velachery%20%Vijaya%20%Nagar,12.9751658,80.2208286
9402008106,Velachery%20%Railway%20%Station,12.9712086,80.2192719
9402008109,Kamatchi%20%Memorial%20%Hospital,12.9482196,80.2101768
9402008111,Balaji%20%Dental%20%College,12.9441308,80.208506
9402008115,High%20%School,12.9265939,80.1977637
9402032617,Jeyachandran%20%stores,12.9220034,80.1973341
9402032619,Medavakkam,12.9186199,80.1879064
9402032621,Medavakkam%20%Junction,12.9198324,80.1825361
9402032624,Gowrivakkan,12.9208501,80.1677021
9402032629,Aadhi%20%Nagar,12.9226395,80.1329593
9412787724,Ponniamman%20%Koil,12.9648849,80.1962538
9412787725,Balaiah%20%Garden,12.965438,80.2013584
9412787727,Ram%20%Nagar,12.9653278,80.2069929
9412787729,Sadasiva%20%Nagar,12.9658462,80.2031164
9412862313,Ashok%20%Pillar,13.0342862,80.2122277
9417619429,Kumaran%20%Theater,12.9725096,80.1915348
9417619443,%0bae%%0bc2%%0bb5%%0bb0%%0b9a%%0bae%%0bcd%%0baa%%0b9f%%0bcd%%0b9f%%0bc1%%20%%0b95%%0bc2%%0b9f%%0bcd%%0bb0%%0bcb%%0b9f%%0bc1%,12.9682417,80.1896401
9504474776,Flower%20%Bazaar,13.0876798,80.2814746
9514055804,,12.9886237,80.197745
9514055810,Mahalakshmi%20%Colony,12.9977774,80.2073255
9514055811,Mahalakshmi%20%Apartments,12.9980198,80.2072705
9514055812,Aalandur%20%Metro,13.0048086,80.2015478
9514055813,Cement%20%Road,12.9957148,80.1892331
9514055814,Pillayar%20%Koil,12.9827924,80.1917198
9514055815,Chellammal%20%College,13.0121297,80.2202503
9514055816,Todhunter%20%Nagar,13.0254505,80.2297489
9514067017,Nandanam,13.0294407,80.2369328
9514067018,Vani%20%Mahal,13.0465924,80.2427912
9514067019,Vani%20%Mahal,13.047,80.2439043
9522345424,UTI%20%Bank,12.9658799,80.1889584
9522345425,UTI%20%Bank,12.9648478,80.188233
9522345426,UTI%20%Bank,12.9654012,80.1882967
9524625506,Jai%20%Gopal%20%Garodia%20%School,12.9853446,80.1857835
9524652864,Independence%20%Day%20%Park,12.9823175,80.1857694
9524666195,Vetrivel%20%Theatre,12.9798333,80.1829123
9529333083,Meenambakkam%20%Metro,12.9873223,80.1761799
9536043083,Pillayar%20%Koil,12.981393,80.2384985
9536047321,Pillayar%20%Koil,12.9811706,80.2381908
9554098006,Phoenix%20%Mall,12.9910579,80.2195223
9554102404,Erikkarai,12.9871386,80.2183655
9554116143,Rajalakshmi%20%Nagar,12.9839239,80.2180709
9554140669,Guindy%20%Race%20%Course,13.0046861,80.2203904
9554140671,Nanganallur%20%Metro%20%Station,12.9992711,80.1934383
9554147562,GN%20%Chetty%20%Road,13.0485705,80.2460822
9554156480,Halda,13.0104553,80.2228615
9554162872,Erikkarai,12.9873344,80.2181539
9676595400,Alamaram%20%Bus%20%Stop,12.9574911,80.178322
9734354380,New%20%Woodlands,13.0446727,80.2630248
9734368257,New%20%Woodlands,13.0448097,80.2631942
9734386075,AVM%20%Rajeshwari%20%Thirumana%20%Mandapam,13.0446914,80.2653248
9734398142,Yellow%20%Pages,13.0445686,80.2691766
9734416560,Radha%20%Krishnan%20%Salai%20%Kalyani%20%Hospital,13.0438762,80.2715829
9734417426,Yellow%20%Pages,13.0445902,80.2691337
9734424821,Kalyani%20%Hospital,13.0438295,80.2718498
9734428259,,13.0438575,80.2716913
9849133813,JK%20%Mahal,12.9760401,80.1832874
9849200501,Baby%20%Nagar,12.9801876,80.2284298
9849235452,MMDA%20%Colony,12.9710697,80.1830757
9849242230,,13.0098921,80.2594022
9849246448,Bharathy%20%Nagar,12.981143,80.2342733
9849253327,Baby%20%Nagar,12.9817272,80.2304834
9853561301,Barathiyar%20%Nagar,13.1854145,80.3170561
9853561302,Barathiyar%20%Nagar,13.1856767,80.3169358
9864935220,,13.1962315,80.1557857
9864935323,,13.1924137,80.1528963
9864935447,,13.1825577,80.1477441
9864935583,,13.1810412,80.1456597
9864935717,,13.1780528,80.136228
9864935802,Saint%20%Michaels%20%Polytechnic%20%College,13.1792666,80.1296641
9865114872,,13.1811273,80.1163829
9865114985,,13.1789921,80.1013557
9872392719,The%20%Esplanade,13.0888432,80.2893272
9894539902,Anna%20%Nagar%20%Roundtana,13.0846068,80.2159694
9916421668,Ganesh%20%Nagar,12.9613123,80.1872291
9918041829,Nandanam%20%YMCA,13.0289526,80.2367701
9920341481,,13.0220342,80.2261973
9920341482,,13.0195376,80.2064926
9920341495,Guindy%20%Railway%20%Station,13.0080474,80.2131366
9920362744,Taj%20%Connemara,13.0633636,80.2615709
9920370156,US%20%Embassy,13.0536924,80.2530652
9920370157,Anand%20%Theater,13.056719,80.2566529
9920370158,Spencer%20%Plaza,13.0606236,80.2610739
9920387333,LIC,13.0630453,80.263971
9920387335,TTK%20%Road%20%Adyar%20%Gate,13.0305766,80.2511416
9920387336,TTK%20%Road,13.0329132,80.2529106
9920387338,Kotturpuram%20%Bridge,13.0274071,80.2449173
9932032471,Tcs%20%bus%20%stop,12.9191476,80.2301533
9932746317,,13.1076464,80.1866674
9992430694,,13.1064674,80.2801183
9992430955,,13.1112707,80.27785
10016012917,Kanthanchavadi,12.9651441,80.2474527
10016030270,Kanthanchavadi,12.9671399,80.2480544
10036499425,Nandanam%20%Officers%20%Enclave,13.0320877,80.2422636
10036499426,Nandanam%20%Officers%20%Enclave,13.031926,80.241303
10102264735,General%20%Post%20%Office,13.0930674,80.2917553
10102275912,Beach%20%Station,13.0942257,80.2921033
10115681436,Moolakothalam,13.1045485,80.2758378
10115681437,Moolakothalam,13.104393,80.2758788
10115882544,Mannadi,13.095673,80.2864412
10115882552,Loyer%20%Square,13.0936205,80.2861429
10291068729,Thirumanglam,13.0906372,80.1987219
10291068730,Annanagar,13.0949675,80.1985353
10291068731,Annanagar,13.0950055,80.1988058
10291068732,Padi,13.1020524,80.1943128
10291068733,Padi,13.1020714,80.1945098
10297987466,Tcs%20%bus%20%stop,12.919423,80.2298567
10308012376,Thyagaraya%20%Nagar,13.0408309,80.2321597
10536304466,Island%20%Grounds,13.074746,80.2862815
10536304467,Island%20%Grounds,13.074677,80.2864212
10606088293,Sridevi%20%Kuppam%20%main%20%road%20%bus%20%stop,13.0417795,80.1757089
10798124380,Payaigada,13.0856683,80.2798513
10893145245,Moolakkothanam,13.103936,80.2738432
11013403743,Mambakkam%20%Bus%20%Stop,12.8276033,80.1649846
11013403744,Mambakkam%20%Bus%20%Stop,12.827753,80.1651199
11195610936,Govardanagiri,12.9960039,80.1099645
11195612538,Maangadu,13.0317541,80.1112908
11195612539,Maangadu%20%Depot,13.0350492,80.1120955
11195612540,Gangai%20%Amman%20%Koil,13.0381183,80.1132093
11195612541,Saveetha%20%Hospital,13.0411612,80.1144639
11195612542,Kumanan%20%Savadi,13.0438277,80.1153383
11195612543,Karayan%20%Savadi,13.0464185,80.1118353
11195612544,Senneerkuppam%20%Electricity%20%Board,13.0523107,80.1127741
11195612545,Senneerkuppam,13.0557284,80.1139569
11195612546,Vetrilai%20%Thottam,13.0619783,80.1130718
11195612547,SA%20%Engineering%20%College,13.0662136,80.1126212
11195612548,Panchayat,13.0748382,80.1117817
11195612549,Melpakkam,13.0816886,80.1093596
11195612550,Paruthipattu,13.0865074,80.1087025
11195612551,Iyankulam,13.0936827,80.1085094
11195612552,Govardanagiri,13.0983825,80.1084477
11195612553,Moorthy%20%Nagar,13.1027426,80.108453
11195612554,JB%20%Estate,13.1113894,80.108732
11195612555,Avadi%20%Mosque,13.1142499,80.1082814
11195612556,Kannigapuram,13.1164494,80.1005459
11195612557,Kannigapuram,13.1167524,80.1005673
11197039984,Pammal,12.9752812,80.1326707
11197039985,Gerugambakkam%20%High%20%School,12.9782314,80.1304686
11197039986,Anakaputhur%20%Amman%20%Temple,12.9832993,80.1276737
11228615338,,12.8871781,80.1842212
11454500629,,13.0740459,80.2268379
11454501196,,13.0565716,80.1135717
11502813606,Mint%20%New%20%Bus%20%Stop,13.1039058,80.2760763
11898326816,Puzhuthivakkam%20%Railway%20%Station%20%(Temporary),12.9781744,80.2041858
11898334385,Temporary%20%unmarked%20%bus%20%stop,12.9781744,80.2041858
11915150827,Senthil%20%nagar,13.1235952,80.2014698
11915150828,Senthil%20%nagar,13.1237598,80.202265
11915150829,Senthil%20%nagar,13.1238068,80.2028994
11915150830,,13.1182677,80.1983906
11930865099,Puzhal%20%Camp,13.1582106,80.2036717
11953087580,Ambedkar%20%nagar,13.1260395,80.2064145
11953087581,Ambedkar%20%nagar,13.1257782,80.2066103
11953087582,Kolathur%20%Metro%20%Water,13.1299942,80.2139623
11953087583,Kolathur%20%Metro%20%Water,13.1307073,80.2138201
11953087584,Shastri%20%Nagar,13.1356937,80.2162314
11953087585,Shastri%20%Nagar,13.1359314,80.2165935
11953087586,Madhavaram%20%Rountana,13.1449193,80.2193508
11953087587,Madhavaram%20%Rountana,13.1440155,80.220311
11953087588,Kathirvedu%20%Bypas,13.1532668,80.2081352
11953087589,Kathirvedu%20%Bypass,13.1534862,80.208343
11953087593,Puzhal%20%Camp,13.1579812,80.2040528
11953087600,Ambattur%20%Camp,13.1580752,80.2033313
11953087601,Puzhal%20%Jail,13.1643511,80.2023309
11953087602,Puzhal%20%Jail,13.1651503,80.2023657
11953087603,Kavankarai,13.1704729,80.1992463
11953087604,Kavankarai,13.1700994,80.1998069
11953087605,Sri%20%Nallagu%20%Polytechnic%20%college,13.1780309,80.1953625
11953087606,Sri%20%Nallagu%20%Nadar%20%Polytechnic%20%College,13.1784566,80.1947536
11953087611,Redhills%20%Market,13.1894981,80.1873829
11953087612,Redhills%20%Market,13.1897906,80.1874205
11953087613,Thirumangalam%20%EB%20%Office,13.0790989,80.1986859
11959583808,Dhandeeswaram,12.9828708,80.2220062
11959593357,BSNL,13.0316093,80.2093455
11959593359,Udhayam%20%Theatre,13.0351053,80.2111984
11959593360,Udhayam%20%Theatre,13.0351199,80.2111129
11959599075,Guru%20%Nanak,12.9903945,80.2203974
11959617427,Jawaharlal%20%Nehru%20%Road,13.0462851,80.2121116
11959664546,Koyambedu,13.0744576,80.1993985
11959664547,Nerkundram,13.0714012,80.1862757
11959664548,Vengaya%20%Mandi,13.0697316,80.1816826
11959664549,Ration%20%Shop,13.0665327,80.1748903
11959665380,Market,13.0631224,80.1672127
11959665381,Erikkarai,13.0612345,80.1646195
11959665382,Vaanagaram,13.0603444,80.1548311
11959665383,Velappanchavadi,13.0610323,80.1386139
12108836587,Nest%20%Apartment,12.8786189,80.2161601
12114421266,,13.1505889,80.1914184
12147208813,Ayurveda%20%Ashramam,13.1841966,80.1916402
12155348708,Korattur%20%Water%20%Canal%20%Road,13.1269583,80.1942278
12155348709,Korattur%20%Water%20%Canal%20%Road,13.1269857,80.1944102
12155348710,Madanankuppam,13.1354867,80.190348
12155348711,Madanankuppam,13.1355847,80.1903386
12167706507,,13.0772379,80.2251117
12169680535,,13.0845003,80.2198834
12169680536,,13.0846852,80.2198338
12169834258,Kandaswamy%20%College,13.0855408,80.2181648
12169834259,Kandaswamy%20%College,13.0855408,80.2178483
12188084879,Senthil%20%nagar,13.1228548,80.2015899
12188084880,Srinivasa%20%nagar,13.1185173,80.205062
12188084881,Srinivasa%20%nagar,13.1186322,80.2050566
12188084882,Ilankali%20%amman%20%koil,13.1139224,80.2067223
12188084883,Ilankali%20%amman%20%koil,13.1139119,80.2068779
12188084884,South%20%Redhills%20%Road%20%Market,13.1083791,80.2059605
12202926833,Kallikuppam,13.1326681,80.1734513
12202926834,Kallikuppam,13.13207,80.1717346
12202926835,Kallikuppam%20%koil,13.1319864,80.1696533
12202926836,West%20%balaji%20%nagar,13.1319368,80.1652464
12202926837,Pudur,13.1303565,80.1585784
12361399925,Sholinganallur%20%bus%20%stand,12.901036,80.2275695
12458643768,Nethaji%20%Nagar%20%Bus%20%Stop,13.1886341,80.3149032
12458688668,ITC,13.1842959,80.3089189
12458688674,,13.1862231,80.3076209
12458710742,Periyakasi%20%Temple%20%Stop,13.1912925,80.3134402
12458713955,ITC%20%bus%20%Stop,13.1841093,80.3088046
12458713956,ITC%20%Bus%20%Stop,13.1839156,80.3085916
12458756398,Bus%20%Stop,13.1914849,80.3133575
12512509201,Bus%20%Stop,12.8972464,80.1820197
12581554803,,13.1366014,80.230819
12581635599,,13.1350989,80.2385828
12581645338,,13.1292868,80.2413545
12986091907,Karappakkam,12.9133328,80.2293073
12986110301,Ponniyamman%20%Koyil,12.8857366,80.2269108
12986110401,Kumaran%20%Nagar,12.8779737,80.2269472
13254368531,Nedungundram%20%bus%20%stop,12.8802996,80.1088408
13439108501,Baby%20%nagar,12.9806227,80.2287432
13513843601,Valluvar%20%kottam,13.0538791,80.2421911
13513843701,Pushpa%20%nagar,13.0589363,80.2401152
